"시도별","품목별",2026.02,2026.03,2026.04,2026.05,2026.06,2026.07
"전국","총지수",118.40,118.80,119.37,119.92,119.99,119.77
"전국","농축수산물",129.37,126.95,124.80,124.77,125.21,124.25
"전국","(농산물)곡물",121.15,120.39,120.46,120.44,120.58,119.74
"전국","쌀",117.53,116.63,116.70,116.63,116.94,116.50
"전국","현미",129.79,128.85,128.98,129.15,128.94,127.66
"전국","찹쌀",134.29,133.91,134.50,134.71,134.65,132.55
"전국","보리쌀",198.78,197.65,196.59,195.60,190.64,182.77
"전국","콩",105.47,104.58,104.48,104.87,105.47,104.55
"전국","땅콩",120.06,120.85,120.48,120.41,120.64,120.88
"전국","혼식곡",119.92,120.25,120.59,120.53,121.45,121.56
"전국","(농산물)채소",125.92,116.12,106.67,102.04,101.00,100.11
"전국","배추",107.95,105.81,99.20,82.96,81.70,82.23
"전국","상추",122.11,95.22,90.94,89.70,98.61,115.69
"전국","시금치",130.13,91.30,73.72,81.14,89.43,127.70
"전국","양배추",93.08,90.00,74.07,70.72,73.58,74.91
"전국","미나리",196.06,154.50,127.23,109.91,109.64,109.98
"전국","깻잎",138.83,117.59,106.07,109.19,102.01,98.61
"전국","부추",180.38,140.15,114.58,85.72,74.23,72.84
"전국","무",97.59,92.31,82.45,95.48,94.15,95.67
"전국","열무",132.80,144.42,108.75,86.41,85.45,109.07
"전국","당근",79.54,80.36,80.70,84.30,81.19,81.64
"전국","감자",143.50,160.22,173.64,161.18,119.57,99.68
"전국","고구마",94.50,96.20,96.68,100.74,103.72,103.79
"전국","도라지",130.94,131.86,131.99,132.92,132.50,132.88
"전국","콩나물",109.21,109.55,109.87,110.45,110.11,110.04
"전국","버섯",130.83,112.93,108.28,110.19,108.25,106.19
"전국","오이",169.25,143.32,114.50,90.99,86.65,95.10
"전국","풋고추",163.40,144.50,122.61,113.29,115.38,117.22
"전국","호박",161.63,127.31,92.50,70.20,78.46,75.12
"전국","가지",153.31,139.67,123.29,107.00,101.71,88.48
"전국","토마토",121.02,115.36,106.86,96.48,90.19,84.71
"전국","파",116.57,99.48,73.37,87.15,109.88,108.44
"전국","양파",102.32,98.25,98.95,92.72,88.59,84.05
"전국","마늘",137.37,139.41,139.86,138.76,138.97,137.21
"전국","브로콜리",114.73,103.37,112.31,108.11,99.93,99.87
"전국","고사리",126.88,127.28,127.34,127.02,126.77,126.78
"전국","파프리카",163.29,138.82,117.44,112.54,102.88,82.77
"전국","생강",101.39,102.06,103.41,103.34,104.05,104.85
"전국","(농산물)과실",148.82,148.63,145.09,144.12,144.19,142.96
"전국","사과",167.79,170.94,171.96,173.01,174.80,170.88
"전국","배",139.39,147.53,147.35,149.80,158.19,173.31
"전국","복숭아",152.01,148.83,145.20,142.54,141.38,154.04
"전국","포도",127.20,122.75,118.41,119.30,123.33,144.30
"전국","밤",113.50,112.39,112.62,113.70,113.24,113.01
"전국","감",117.18,119.40,120.06,120.52,120.64,118.82
"전국","귤",206.86,229.15,223.51,219.17,217.34,210.53
"전국","오렌지",131.20,114.58,110.36,113.37,120.98,117.16
"전국","참외",98.57,141.37,141.61,115.45,103.13,85.62
"전국","수박",158.10,154.84,151.02,171.85,153.14,137.68
"전국","딸기",167.90,118.42,101.24,98.44,97.70,94.62
"전국","바나나",120.49,119.26,119.18,118.81,116.32,112.68
"전국","키위",129.63,131.28,128.73,131.22,140.80,142.46
"전국","블루베리",144.06,143.66,144.05,144.92,145.80,143.21
"전국","망고",117.23,107.04,97.14,101.64,112.67,122.60
"전국","체리",79.93,78.26,76.28,74.69,109.15,94.97
"전국","아보카도",103.87,108.75,117.46,105.98,98.28,82.87
"전국","파인애플",125.26,121.03,118.79,116.81,118.34,117.51
"전국","아몬드",109.78,109.71,110.13,110.16,109.88,111.06
"전국","(농산물)기타농산물",126.86,125.71,124.03,127.53,125.13,124.64
"전국","고춧가루",115.04,114.97,114.95,114.96,115.08,115.12
"전국","참깨",134.67,135.80,135.39,135.60,135.81,137.33
"전국","인삼",105.69,108.96,112.59,117.48,123.28,127.41
"전국","화초",163.26,154.45,143.98,159.35,142.98,136.43
"전국","축산물",126.54,125.11,126.34,128.56,130.61,129.42
"전국","국산쇠고기",113.59,111.65,110.50,109.01,111.28,110.35
"전국","수입쇠고기",144.10,144.14,145.29,145.43,144.95,144.03
"전국","돼지고기",127.96,125.21,127.70,132.99,135.77,134.56
"전국","닭고기",131.84,135.13,139.37,139.24,137.91,134.86
"전국","달걀",141.55,142.20,145.81,153.62,157.16,155.63
"전국","꿀",116.79,117.00,116.77,116.79,116.93,116.92
"전국","수산물",122.29,123.08,122.97,124.00,124.27,123.84
"전국","갈치",114.72,119.85,119.94,124.38,121.43,122.77
"전국","명태",108.82,109.26,109.90,112.01,111.73,111.00
"전국","조기",130.58,132.75,132.19,132.32,133.27,133.61
"전국","고등어",134.71,136.12,135.74,134.76,138.03,136.02
"전국","오징어",133.51,132.99,132.18,137.07,134.96,132.29
"전국","게",92.28,92.57,92.25,93.76,95.12,94.65
"전국","굴",118.34,114.10,113.98,114.91,115.17,114.81
"전국","조개",125.53,124.19,126.20,127.03,121.08,121.71
"전국","전복",86.63,85.83,85.78,84.48,86.15,86.09
"전국","새우",123.00,122.21,122.13,123.15,124.21,125.12
"전국","마른멸치",111.50,111.96,111.37,109.91,110.57,110.00
"전국","마른오징어",126.21,127.12,127.12,127.17,127.31,126.40
"전국","낙지",123.68,124.07,124.63,125.43,125.75,126.09
"전국","김",155.12,155.55,155.15,153.62,154.53,154.70
"전국","미역",132.70,133.03,132.98,133.35,135.48,137.37
"전국","공업제품",117.09,118.80,120.05,120.63,120.96,120.54
"전국","가공식품",124.94,125.22,125.14,125.07,125.61,125.84
"전국","밀가루",134.38,132.33,128.66,129.07,128.97,128.97
"전국","국수",155.54,155.33,144.58,143.16,141.67,147.99
"전국","라면",127.93,126.60,126.40,126.71,126.70,126.96
"전국","당면",122.43,136.35,136.91,137.12,138.15,140.63
"전국","두부",109.19,108.51,108.42,108.58,109.17,107.72
"전국","시리얼",115.73,114.21,117.90,120.34,131.20,117.96
"전국","부침가루",128.94,140.13,141.50,142.10,139.97,143.69
"전국","케이크",132.13,132.16,131.14,131.14,131.15,132.12
"전국","빵",138.75,138.53,138.47,138.48,138.48,138.51
"전국","떡",128.79,129.02,129.18,129.96,130.01,130.44
"전국","파스타면",129.47,132.46,131.09,127.66,133.25,133.56
"전국","소시지",119.70,119.72,120.29,120.45,118.84,121.45
"전국","햄및베이컨",121.92,121.07,118.21,121.28,125.24,126.33
"전국","기타육류가공품",137.89,139.39,140.22,135.63,136.12,137.77
"전국","오징어채",147.13,146.42,145.15,144.34,144.44,142.97
"전국","북어채",134.87,136.38,138.33,136.14,139.45,138.56
"전국","어묵",125.91,128.39,125.73,126.73,133.20,134.76
"전국","맛살",136.33,140.86,144.87,145.37,146.07,148.12
"전국","수산물통조림",124.89,125.11,125.20,125.10,125.49,126.69
"전국","젓갈",120.91,120.88,122.82,123.64,124.15,124.83
"전국","우유",124.13,124.69,124.18,124.28,124.54,124.55
"전국","분유",113.92,113.32,113.77,114.09,112.95,113.32
"전국","치즈",145.22,145.09,144.56,145.16,144.65,144.82
"전국","발효유",128.20,128.57,128.24,128.07,128.07,128.04
"전국","참기름",146.68,146.40,152.90,148.21,153.82,153.12
"전국","식용유",154.95,168.64,158.11,153.40,152.92,157.96
"전국","과일가공품",143.70,140.14,142.94,144.19,144.42,146.77
"전국","단무지",122.57,128.46,128.69,129.58,126.66,128.32
"전국","맛김",131.95,132.06,133.92,131.58,131.97,136.36
"전국","초콜릿",162.53,163.45,163.38,163.52,162.90,163.04
"전국","사탕",115.02,111.16,115.73,115.83,117.01,117.10
"전국","껌",116.62,116.10,116.64,116.74,116.73,115.40
"전국","아이스크림",128.10,128.90,128.31,128.96,129.10,128.93
"전국","비스킷",134.07,134.39,134.08,133.75,134.29,135.57
"전국","스낵과자",119.32,119.33,119.03,118.94,118.66,118.93
"전국","파이",116.19,116.47,116.03,116.49,116.55,117.03
"전국","설탕",147.97,142.10,141.67,140.29,141.04,142.94
"전국","잼",164.96,164.95,162.85,171.41,171.70,171.81
"전국","물엿",125.43,138.95,138.52,135.73,139.07,139.04
"전국","소금",176.33,175.53,175.69,176.09,176.52,176.88
"전국","간장",138.71,139.19,140.18,142.43,140.83,142.40
"전국","된장",136.78,138.63,134.28,140.08,142.35,140.17
"전국","양념소스",130.36,136.76,139.19,138.17,140.29,142.25
"전국","고추장",137.45,137.22,142.16,141.90,141.66,141.63
"전국","카레",129.78,129.71,128.52,127.74,128.85,130.81
"전국","식초",148.81,148.61,147.71,148.84,147.91,147.86
"전국","드레싱",162.42,161.25,163.44,162.56,165.19,166.94
"전국","혼합조미료",130.74,132.62,135.06,133.59,135.51,136.72
"전국","스프",129.38,129.67,129.93,129.73,128.50,129.84
"전국","이유식",111.12,111.12,111.12,111.12,111.12,111.12
"전국","김치",135.19,135.33,135.24,135.49,135.50,134.06
"전국","밑반찬",117.28,117.07,117.80,118.13,118.04,118.18
"전국","냉동식품",118.40,120.46,118.84,120.63,118.89,118.38
"전국","즉석식품",126.36,125.55,126.10,127.20,127.79,127.25
"전국","편의점도시락",118.57,118.57,118.57,118.57,118.57,118.57
"전국","삼각김밥",115.12,115.19,115.77,116.07,116.22,116.26
"전국","커피",143.02,144.10,144.92,142.52,143.90,145.81
"전국","차",134.21,128.18,131.13,129.93,128.13,120.29
"전국","주스",136.78,136.73,136.52,136.45,136.56,136.41
"전국","두유",124.66,126.28,126.09,127.04,127.23,126.71
"전국","생수",117.54,117.21,117.50,117.50,116.95,117.03
"전국","기능성음료",121.38,121.59,120.81,120.16,121.05,120.70
"전국","탄산음료",120.69,112.74,119.55,118.99,119.47,120.71
"전국","기타음료",124.34,123.82,121.90,122.00,122.27,124.38
"전국","소주",108.56,108.67,108.92,108.92,108.96,109.01
"전국","과실주",106.06,106.32,100.95,102.87,104.61,102.10
"전국","맥주",116.19,116.17,116.15,115.98,116.22,116.21
"전국","막걸리",123.34,123.43,123.41,123.72,123.88,124.23
"전국","양주",116.95,116.88,110.21,112.96,118.30,112.98
"전국","약주",105.42,105.45,105.56,105.61,105.79,105.90
"전국","홍삼",100.00,111.11,111.11,100.00,111.11,111.11
"전국","건강기능식품",102.68,104.02,102.68,102.68,102.68,102.68
"전국","유산균",101.92,98.38,101.84,101.46,101.46,101.46
"전국","내구재",109.06,109.60,110.23,110.37,111.13,112.58
"전국","장롱",124.61,124.61,127.74,127.74,127.74,127.74
"전국","침대",127.77,127.77,127.77,127.77,133.99,133.99
"전국","거실장",125.94,125.94,127.83,127.83,127.83,127.83
"전국","소파",133.29,133.29,137.23,137.23,137.23,137.23
"전국","책상",129.65,129.65,131.12,131.12,131.12,131.12
"전국","의자",116.36,116.36,116.60,116.51,116.50,120.19
"전국","식탁",126.55,126.55,130.42,130.42,130.42,130.42
"전국","싱크대",157.67,157.37,157.43,157.27,157.43,157.43
"전국","전기밥솥",104.28,102.60,99.72,100.37,95.81,98.50
"전국","가스레인지",109.02,106.38,106.75,105.16,108.47,104.96
"전국","전자레인지",98.98,99.36,101.11,100.79,104.98,107.62
"전국","전기레인지",96.65,97.16,97.46,97.44,99.10,99.42
"전국","냉장고",95.49,97.92,98.50,98.53,100.26,99.42
"전국","김치냉장고",111.04,111.04,111.04,111.04,111.04,111.04
"전국","에어컨",113.37,113.37,118.80,117.82,120.53,121.72
"전국","선풍기",94.00,94.00,87.94,92.72,89.90,90.79
"전국","공기청정기",89.58,88.73,89.30,89.41,93.09,91.67
"전국","세탁기",100.57,100.43,100.91,101.16,102.23,103.29
"전국","의류건조기",105.16,105.95,108.57,113.35,110.98,111.67
"전국","식기세척기",99.31,99.45,99.58,99.46,101.66,102.09
"전국","청소기",99.58,99.81,98.77,99.14,99.16,98.54
"전국","소형주방가전",111.51,114.11,109.58,115.55,113.00,114.50
"전국","보온매트",114.83,114.83,114.83,114.83,114.83,114.83
"전국","보일러",120.50,120.40,120.38,120.37,120.37,120.37
"전국","소형승용차",106.50,106.50,106.50,106.50,106.50,108.02
"전국","중형승용차",103.06,103.48,103.48,104.18,102.78,104.40
"전국","대형승용차",110.04,108.30,109.83,107.02,113.41,115.49
"전국","경승용차",106.71,106.71,106.71,106.71,107.99,108.35
"전국","다목적승용차",111.57,111.66,111.34,111.86,111.40,112.96
"전국","수입승용차",107.80,108.31,106.73,106.73,106.94,107.62
"전국","전기동력차",102.48,105.79,105.80,104.63,103.70,109.71
"전국","자전거",135.78,136.21,137.10,137.30,138.29,138.98
"전국","자동차용품",116.15,116.08,116.94,113.09,116.94,116.94
"전국","블랙박스",101.17,101.30,101.49,102.62,102.49,102.04
"전국","휴대전화기",101.09,101.92,101.92,101.92,101.92,101.92
"전국","TV",82.85,82.33,82.09,82.49,83.56,87.81
"전국","영상음향기기",98.62,98.81,96.99,101.00,100.87,100.28
"전국","컴퓨터",101.99,104.42,111.70,111.51,114.86,117.19
"전국","휴대용멀티미디어기기",124.06,124.06,129.25,129.25,129.25,149.78
"전국","악기",105.89,105.96,106.10,105.89,106.51,106.50
"전국","헬스기구",105.66,103.90,106.28,114.69,118.39,115.69
"전국","면도기",126.64,124.89,125.04,125.10,124.18,123.71
"전국","헤어드라이어",112.89,115.60,114.91,112.71,113.50,122.21
"전국","손목시계",136.79,136.79,145.45,145.45,145.45,145.45
"전국","장신구",117.06,117.06,119.74,119.74,119.74,119.74
"전국","섬유제품",118.34,118.35,118.33,119.04,119.05,119.24
"전국","남자외의",120.22,120.22,120.22,120.22,120.22,120.22
"전국","남자상의",115.06,115.06,115.06,115.06,115.06,115.06
"전국","남자하의",123.64,123.64,123.64,123.64,123.64,123.64
"전국","남자내의",111.07,111.15,111.19,111.32,111.40,111.42
"전국","여자외의",115.76,115.76,115.76,115.76,115.76,115.76
"전국","원피스",127.51,127.51,127.51,135.33,135.33,135.33
"전국","여자상의",117.44,117.44,117.44,117.44,117.44,117.44
"전국","여자하의",119.02,119.02,119.02,123.83,123.83,123.83
"전국","여자내의",109.58,109.64,109.27,109.67,109.79,110.11
"전국","점퍼",120.59,120.59,120.59,120.59,120.59,120.59
"전국","티셔츠",123.77,123.77,123.77,123.77,123.77,123.77
"전국","스웨터",118.73,118.73,118.73,118.73,118.73,118.73
"전국","청바지",121.22,121.22,121.22,124.42,124.42,124.42
"전국","운동복",109.77,109.77,109.77,109.77,109.77,112.73
"전국","등산복",106.81,106.81,106.81,110.44,110.44,110.44
"전국","유아동복",120.61,120.61,120.61,120.11,120.11,120.11
"전국","양말",104.26,104.25,104.25,104.20,104.24,104.29
"전국","모자",113.28,113.28,113.28,113.28,113.28,113.28
"전국","장갑",156.49,156.49,156.63,157.12,157.29,157.72
"전국","침구",117.05,117.05,117.05,117.05,117.05,117.05
"전국","커튼",107.36,107.64,107.13,107.19,107.68,108.55
"전국","출판물",112.85,113.06,113.06,113.06,113.22,113.76
"전국","유아용학습교재",115.38,115.46,115.46,115.46,115.46,115.46
"전국","초등학교학습서",110.78,111.32,111.32,111.32,111.32,111.32
"전국","중학교학습서",117.78,117.78,117.78,117.78,117.78,119.77
"전국","고등학교학습서",137.71,138.78,138.78,138.78,139.90,139.90
"전국","대학교재",103.70,103.13,103.13,103.13,103.13,103.13
"전국","서적",101.88,101.88,101.88,101.88,101.88,102.59
"전국","신문",120.37,120.37,120.37,120.37,120.37,120.37
"전국","석유류",127.28,140.55,151.63,153.95,153.98,145.51
"전국","취사용LPG",131.84,133.21,136.00,143.73,145.17,147.15
"전국","등유",154.24,173.32,183.93,187.10,187.97,184.08
"전국","부탄가스",140.42,139.87,144.66,139.41,147.05,152.57
"전국","휘발유",121.20,131.60,143.01,144.69,144.48,135.46
"전국","경유",132.15,152.52,164.90,167.13,166.93,155.79
"전국","자동차용LPG",125.63,127.35,130.89,137.40,139.30,143.25
"전국","의약품",104.96,104.99,105.06,104.99,104.93,104.97
"전국","감기약",128.52,128.56,128.46,128.44,128.48,128.49
"전국","진통제",119.64,119.73,119.59,119.51,119.74,120.04
"전국","소화제",123.60,123.69,123.67,123.55,123.60,123.42
"전국","위장약",107.38,107.53,107.73,107.97,108.00,108.03
"전국","진해거담제",113.80,114.36,115.14,115.14,115.16,115.20
"전국","소염진통제",115.47,115.50,115.60,115.56,115.48,115.45
"전국","피부질환제",114.45,114.61,114.80,114.84,115.22,115.23
"전국","치과구강용약",112.11,111.98,111.87,111.79,111.81,111.87
"전국","조제약",92.78,92.78,92.78,92.56,92.45,92.45
"전국","한방약",133.86,133.91,134.10,134.27,134.27,134.42
"전국","비타민제",112.28,112.35,112.76,113.04,113.18,113.34
"전국","병원약품",92.58,92.58,92.58,92.40,92.24,92.24
"전국","화장품",120.72,121.54,120.39,120.84,121.03,121.26
"전국","샴푸",142.01,140.93,141.98,144.14,142.67,142.52
"전국","바디워시",117.88,122.57,120.06,121.77,120.09,117.82
"전국","기초화장품",109.22,109.50,107.78,107.29,107.15,108.83
"전국","기능성화장품",131.49,132.01,131.59,131.35,131.39,131.13
"전국","색조화장품",109.91,109.38,108.93,108.97,109.34,109.30
"전국","모발염색약",117.51,124.97,121.35,128.83,135.36,130.60
"전국","기타",111.45,111.74,111.70,112.74,112.85,113.13
"전국","담배",99.77,99.77,99.77,99.77,99.77,99.77
"전국","아동화",116.17,116.17,116.17,116.17,116.17,116.17
"전국","구두",113.81,113.81,113.81,113.81,113.81,113.81
"전국","운동화",111.42,111.42,111.42,115.05,115.05,115.05
"전국","실내화",127.86,127.89,127.34,127.57,127.90,127.97
"전국","주택수선재료",120.85,121.10,124.50,125.85,126.17,127.28
"전국","식기",120.37,124.81,124.50,124.24,130.62,133.61
"전국","컵",106.95,106.86,107.78,108.43,106.62,106.17
"전국","솥",120.08,126.13,126.24,120.55,118.80,120.16
"전국","프라이팬",123.33,133.82,127.51,134.67,134.75,134.85
"전국","냄비",128.34,132.89,132.43,127.44,127.22,126.27
"전국","수저",111.26,115.42,112.95,115.62,113.72,114.63
"전국","밀폐용기",121.76,127.55,124.38,127.84,129.86,123.74
"전국","부엌용용구",119.60,120.47,119.55,122.14,124.09,129.03
"전국","건전지",141.99,144.46,148.52,149.32,149.18,149.88
"전국","소형가사용품",112.71,114.55,112.26,114.32,115.96,118.42
"전국","세탁세제",125.64,120.60,121.92,132.82,128.08,127.71
"전국","섬유유연제",153.18,151.31,152.35,154.45,152.05,154.82
"전국","전구",109.24,109.40,105.21,108.47,108.38,111.11
"전국","부엌용세제",123.50,121.15,121.38,121.41,122.58,122.82
"전국","청소용세제",138.38,138.56,138.67,138.97,138.85,139.58
"전국","살충제",127.63,128.18,132.49,133.86,130.02,131.69
"전국","가정용비닐용품",137.72,138.18,138.48,140.07,148.60,154.99
"전국","키친타월",135.89,137.23,131.16,133.70,135.10,135.13
"전국","방향제",134.72,132.44,134.92,132.85,134.21,132.08
"전국","습기제거제",149.63,149.62,149.82,149.80,145.93,145.77
"전국","종이기저귀",115.72,116.95,115.64,116.86,117.10,116.62
"전국","생리대",111.50,119.55,108.71,110.24,109.46,110.64
"전국","마스크",70.82,70.62,70.62,70.76,70.70,70.88
"전국","반창고",102.09,102.19,102.26,102.42,103.07,103.25
"전국","안경",101.91,101.85,101.64,101.61,101.61,101.88
"전국","콘택트렌즈",102.56,103.53,103.90,105.43,105.63,105.83
"전국","의료측정기",98.09,97.95,98.72,98.93,99.11,99.59
"전국","보청기",102.88,102.88,102.88,102.88,102.88,102.88
"전국","치료재료",100.28,100.28,100.28,101.79,101.87,101.87
"전국","자동차타이어",121.29,120.77,121.09,121.18,121.00,121.11
"전국","컴퓨터소모품",126.01,125.91,128.49,128.49,127.46,127.46
"전국","저장장치",172.55,196.75,197.48,207.68,209.38,212.06
"전국","장난감",98.77,100.41,101.13,101.20,101.45,101.42
"전국","레저용품",112.51,112.60,112.74,112.75,112.76,112.96
"전국","운동용품",109.37,108.02,107.15,106.81,106.84,105.71
"전국","원예용품",118.79,119.35,120.37,121.04,121.10,120.97
"전국","반려동물용품",121.45,122.91,120.15,122.29,122.25,123.27
"전국","종이문구",121.73,122.99,124.85,125.17,125.26,125.42
"전국","기타문구",127.54,127.46,127.98,128.46,129.88,130.54
"전국","필기구",116.61,116.91,117.36,117.78,117.72,117.93
"전국","회화용구",117.42,117.90,118.42,118.45,118.65,118.61
"전국","칫솔",101.09,103.83,105.19,104.12,105.70,105.83
"전국","치약",115.20,110.68,119.65,117.10,114.96,118.19
"전국","비누",138.98,138.04,140.92,138.89,139.04,140.24
"전국","화장지",120.99,121.86,121.83,122.36,122.70,123.12
"전국","구강세정제",124.16,116.83,119.99,118.01,120.00,121.60
"전국","가방",110.94,110.94,110.94,110.94,110.94,110.94
"전국","핸드백",120.34,110.52,115.44,115.44,115.44,115.44
"전국","우산",106.07,106.04,106.37,106.58,106.76,107.23
"전국","유모차",106.03,105.99,106.14,105.66,105.46,105.62
"전국","선글라스",102.64,102.47,103.08,102.77,102.77,102.80
"전국","지갑",122.69,122.69,122.69,122.69,122.69,122.69
"전국","전기 · 가스 · 수도",141.13,141.13,141.12,141.17,141.17,133.94
"전국","전기 · 가스 · 수도",141.13,141.13,141.12,141.17,141.17,133.94
"전국","상수도료",118.54,118.55,118.55,118.87,118.87,119.50
"전국","전기료",142.16,142.16,142.16,142.16,142.16,126.47
"전국","도시가스",146.10,146.10,146.10,146.10,146.10,146.21
"전국","지역난방비",163.43,163.43,163.30,163.30,163.30,163.15
"전국","집세",105.38,105.49,105.62,105.72,105.82,106.04
"전국","집세",105.38,105.49,105.62,105.72,105.82,106.04
"전국","전세",105.53,105.62,105.73,105.83,105.94,106.17
"전국","월세",105.15,105.28,105.42,105.54,105.64,105.82
"전국","공공서비스",107.19,107.21,107.53,107.91,107.80,107.77
"전국","공공서비스",107.19,107.21,107.53,107.91,107.80,107.77
"전국","하수도료",131.86,131.86,131.86,132.31,132.31,132.31
"전국","쓰레기봉투료",106.49,106.49,106.18,106.10,106.10,106.10
"전국","정화조청소료",116.26,116.34,116.92,116.92,116.92,117.18
"전국","외래진료비",111.43,111.43,111.43,111.43,111.43,111.43
"전국","한방진료비",119.47,119.47,119.47,119.47,119.47,119.47
"전국","약국조제료",119.90,119.90,119.90,119.90,119.90,119.90
"전국","치과진료비",115.25,115.25,115.25,115.25,115.25,115.25
"전국","입원진료비",110.14,110.14,110.14,110.14,110.14,110.14
"전국","도로통행료",95.82,95.82,95.82,95.82,95.82,95.82
"전국","열차료",100.00,100.00,100.00,100.00,100.00,100.00
"전국","도시철도료",120.08,120.08,120.08,120.08,120.08,120.08
"전국","시내버스료",117.03,117.03,116.96,116.96,116.96,116.96
"전국","시외버스료",110.18,110.18,110.18,110.18,110.18,110.18
"전국","택시료",123.79,123.82,123.82,123.82,123.82,124.42
"전국","국제항공료",123.50,122.32,138.82,158.63,153.33,150.05
"전국","우편료",109.99,109.99,109.99,109.99,109.99,123.56
"전국","유선전화료",100.37,100.37,100.37,100.37,100.37,100.37
"전국","휴대전화료",102.07,102.06,102.07,102.04,102.03,102.04
"전국","인터넷이용료",100.62,100.62,100.62,100.62,100.62,100.62
"전국","방송수신료",100.88,100.88,100.72,100.54,100.59,100.59
"전국","유치원납입금",47.24,39.72,39.72,39.72,39.72,39.71
"전국","전문대학납입금",105.64,108.68,108.68,108.68,108.68,108.68
"전국","국공립대학교납입금",101.63,101.67,101.67,101.67,101.67,101.67
"전국","사립대학교납입금",104.97,107.92,107.92,107.92,107.92,107.92
"전국","국공립대학원납입금",106.55,107.95,107.95,107.95,107.95,107.95
"전국","사립대학원납입금",106.80,108.87,108.87,108.87,108.87,108.87
"전국","보육시설이용료",84.55,69.81,69.81,69.81,69.81,69.81
"전국","요양시설이용료",125.15,125.15,125.15,125.15,125.15,125.15
"전국","부동산중개수수료",92.28,92.28,92.28,92.28,92.28,92.28
"전국","행정수수료",98.67,99.56,99.56,99.56,99.56,99.56
"전국","개인서비스",123.09,123.07,123.81,124.71,124.50,125.14
"전국","외식",126.95,127.28,127.65,127.83,128.06,128.31
"전국","김치찌개백반",129.79,130.53,130.69,130.92,131.06,131.17
"전국","된장찌개백반",128.84,129.62,129.71,129.94,130.10,130.31
"전국","비빔밥",131.02,131.21,132.08,132.87,132.98,133.04
"전국","설렁탕",130.09,130.01,130.62,130.35,131.04,131.13
"전국","갈비탕",135.37,135.63,136.40,136.67,137.07,137.07
"전국","삼계탕",124.69,124.95,125.32,125.73,126.23,126.98
"전국","해물찜",116.84,117.07,117.41,117.71,117.92,117.92
"전국","해장국",133.35,133.96,134.39,134.39,134.59,134.90
"전국","불고기",124.32,124.32,125.20,125.06,125.44,125.47
"전국","쇠고기(외식)",121.83,122.22,122.55,122.66,122.93,122.96
"전국","돼지갈비(외식)",126.01,126.66,127.06,127.24,127.40,127.68
"전국","삼겹살(외식)",124.80,125.07,125.33,125.54,125.74,125.80
"전국","오리고기(외식)",124.60,125.09,125.72,125.97,126.27,126.38
"전국","냉면",129.58,130.17,131.25,131.68,131.84,132.13
"전국","칼국수",132.61,132.97,133.21,133.54,133.81,133.91
"전국","죽(외식)",125.76,125.76,125.76,125.76,125.76,126.77
"전국","생선초밥",119.64,119.64,119.90,120.13,120.34,120.73
"전국","생선회(외식)",136.63,136.72,137.58,137.83,137.97,138.52
"전국","자장면",136.98,136.93,137.77,138.13,138.24,138.32
"전국","짬뽕",132.85,132.86,133.64,133.95,134.30,134.38
"전국","탕수육",123.49,123.48,123.89,124.13,124.25,124.33
"전국","볶음밥",131.57,131.59,132.18,132.59,132.76,132.98
"전국","돈가스",130.85,131.22,131.89,132.21,132.67,132.61
"전국","스테이크",120.96,121.25,121.38,121.47,121.57,121.66
"전국","스파게티",120.82,120.92,121.08,121.11,121.24,121.48
"전국","라면(외식)",133.68,134.02,134.66,135.31,135.31,135.90
"전국","김밥",142.24,142.61,143.10,143.82,143.91,144.78
"전국","떡볶이",138.35,138.86,139.73,140.24,140.24,140.48
"전국","치킨",131.09,131.31,131.47,131.77,132.11,132.06
"전국","햄버거",139.59,140.82,140.82,140.82,141.81,141.81
"전국","피자",119.68,119.68,119.68,119.68,119.68,119.68
"전국","쌀국수",129.02,129.35,129.92,129.93,130.38,130.45
"전국","커피(외식)",111.51,111.51,111.51,111.48,111.58,111.58
"전국","기타음료(외식)",107.34,107.34,107.34,107.34,107.43,107.43
"전국","소주(외식)",116.68,116.68,116.73,116.73,116.93,118.50
"전국","맥주(외식)",119.43,119.45,119.63,119.64,119.71,120.83
"전국","막걸리(외식)",120.24,120.24,120.36,120.63,120.63,120.63
"전국","구내식당식사비",125.16,125.93,126.24,126.29,126.36,126.75
"전국","도시락",140.45,140.45,140.45,140.45,144.73,145.69
"전국","외식제외",120.40,120.14,121.14,122.53,122.04,122.92
"전국","의복수선료",127.22,128.23,131.51,133.06,133.81,134.60
"전국","세탁료",139.94,140.43,145.55,148.98,151.92,153.40
"전국","설비수리비",124.09,124.44,125.11,125.45,125.93,126.27
"전국","공동주택관리비",131.63,131.33,130.76,131.70,131.06,130.91
"전국","가전제품수리비",146.45,146.45,146.45,146.45,161.24,161.24
"전국","가전제품렌탈비",96.69,96.69,96.69,97.21,97.21,97.21
"전국","가사도우미료",122.18,122.54,122.89,123.45,123.61,123.80
"전국","간병도우미료",142.15,142.73,144.29,144.43,144.46,145.00
"전국","건강기기렌탈비",101.17,104.23,106.52,106.52,108.49,119.94
"전국","건강검진비",107.52,107.80,108.25,107.91,108.25,108.62
"전국","치과보철료",106.12,106.52,107.12,107.20,107.29,107.27
"전국","병원검사료",63.34,63.43,63.43,63.45,63.37,63.39
"전국","자동차수리비",119.84,120.24,122.73,123.49,123.94,124.61
"전국","엔진오일교체료",137.71,138.15,150.47,153.86,155.52,156.15
"전국","세차료",139.42,139.65,140.46,140.77,140.82,140.96
"전국","자동차학원비",115.86,115.98,115.93,116.02,116.19,116.24
"전국","주차료",112.75,112.75,112.75,112.51,112.51,113.03
"전국","승용차임차료",103.80,91.39,88.80,103.43,80.96,89.49
"전국","대리운전이용료",137.44,137.49,137.96,138.16,138.30,138.41
"전국","자동차검사료",100.00,100.00,100.00,100.00,100.00,100.00
"전국","국내항공료",112.41,102.70,103.07,135.11,129.52,123.57
"전국","여객선료",122.26,121.07,122.41,129.45,128.81,131.90
"전국","이삿짐운송료",135.41,135.31,136.80,136.77,136.55,136.37
"전국","택배이용료",114.94,114.73,114.94,114.70,114.65,114.65
"전국","휴대전화기수리비",107.39,107.62,107.62,107.62,99.28,110.79
"전국","컴퓨터수리비",182.19,182.19,182.19,182.19,189.05,206.85
"전국","반려동물관리비",114.12,114.47,114.75,114.91,115.00,115.34
"전국","수영장이용료",113.39,113.64,113.71,113.71,114.02,114.14
"전국","볼링장이용료",109.01,109.00,109.24,109.53,109.69,109.78
"전국","헬스클럽이용료",108.82,108.86,108.60,108.74,108.85,109.06
"전국","골프연습장이용료",104.59,104.43,104.39,104.14,103.95,104.02
"전국","골프장이용료",118.77,120.27,121.40,121.84,122.05,120.76
"전국","당구장이용료",108.69,108.81,108.72,108.77,108.93,109.04
"전국","노래방이용료",123.56,123.08,122.90,122.96,123.35,123.50
"전국","PC방이용료",115.65,115.65,115.72,115.82,115.76,115.87
"전국","놀이시설이용료",118.12,117.37,117.94,120.93,122.34,129.24
"전국","운동경기관람료",129.88,130.60,132.26,133.35,133.35,133.35
"전국","영화관람료",128.81,128.81,128.81,128.81,128.81,128.81
"전국","공연예술관람료",111.65,112.81,112.81,115.97,115.97,115.97
"전국","관람시설이용료",111.35,111.51,109.67,111.48,111.48,111.64
"전국","독서실비",100.18,100.17,100.03,99.77,99.84,98.84
"전국","문화강습료",116.79,116.82,116.93,116.98,117.35,117.44
"전국","온라인콘텐츠이용료",111.47,111.47,111.47,111.47,111.47,111.47
"전국","사진서비스료",122.34,122.44,122.79,123.03,123.71,125.90
"전국","국내단체여행비",126.74,115.77,127.23,128.62,128.85,135.96
"전국","해외단체여행비",118.82,117.53,128.34,143.52,137.81,134.95
"전국","초등학생학원비",111.35,111.74,112.28,112.36,112.41,112.50
"전국","중학생학원비",110.80,111.15,111.51,111.59,111.66,111.87
"전국","고등학생학원비",108.64,108.90,109.07,109.32,109.37,109.56
"전국","음악학원비",118.64,119.14,119.75,119.94,120.09,120.24
"전국","미술학원비",119.69,120.12,120.85,121.02,120.88,121.10
"전국","운동학원비",123.29,124.28,124.76,124.76,124.81,124.84
"전국","전산학원비",114.94,114.94,115.05,115.03,115.12,115.12
"전국","가정학습지",120.03,120.03,120.03,124.33,124.33,124.33
"전국","이러닝이용료",115.57,115.57,115.57,115.57,115.57,115.57
"전국","학교보충교육비",104.47,106.78,108.88,108.80,106.16,106.16
"전국","기타학원비",108.55,108.57,108.77,108.79,109.05,109.05
"전국","취업학원비",107.48,107.99,108.05,107.79,107.79,108.69
"전국","외국어학원비",114.97,115.31,115.38,115.12,115.24,115.66
"전국","운동강습료",109.99,110.16,110.23,110.23,110.34,110.34
"전국","호텔숙박료",122.02,124.19,131.49,138.35,131.45,146.38
"전국","여관숙박료",108.31,108.15,108.20,108.82,109.04,109.85
"전국","콘도이용료",140.95,116.30,122.13,134.73,126.04,165.29
"전국","학교기숙사비",115.38,118.91,118.91,118.91,118.91,118.91
"전국","휴양시설이용료",109.88,104.35,104.68,109.56,107.21,127.14
"전국","목욕료",137.34,137.64,138.12,138.23,138.34,138.45
"전국","찜질방이용료",134.46,134.52,135.26,135.29,135.45,135.66
"전국","이발료",118.98,119.49,119.87,119.96,120.07,120.14
"전국","미용료",120.39,120.62,120.88,120.87,120.94,121.13
"전국","뷰티미용료",120.62,120.91,121.64,121.67,121.83,121.85
"전국","산후조리원이용료",125.35,125.93,126.55,126.85,127.44,128.06
"전국","보험서비스료",211.52,211.52,215.81,215.81,215.81,215.81
"전국","자동차보험료",94.93,94.93,94.93,94.93,94.93,94.93
"전국","금융수수료",100.00,100.00,100.00,100.00,100.00,100.00
"전국","대입전형료",101.74,101.74,101.74,101.74,101.74,101.74
"전국","시험응시료",116.10,116.10,116.10,116.10,116.10,116.10
"전국","장례비",110.04,111.04,111.04,111.35,111.36,111.45
